gen_loss,disc_BCH_loss,cycle_loss,identity_loss,disc_BCH_Placenta_loss,disc_HBCD_Site5_Arkansas_UNC_loss,disc_HBCD_Site6_Cincinnati_loss,disc_VGH_Unknown_loss,disc_dHCP_loss
4.289614623295512,0.7019588506164182,0.45245660550640404,0.5162655812098784,0.707317,0.7263763,0.7032471,0.7208382,0.7143683
4.123344023216174,0.6532294231912364,0.44478783709703434,0.5066387243820849,0.65320987,0.6530772,0.652818,0.6543264,0.65345556
4.097224799561616,0.6693904525415909,0.445541075102373,0.5057249437351734,0.6516134,0.6519146,0.6517241,0.65248895,0.6522226
4.181374891829376,0.661380293691792,0.44715861275000274,0.5089791211816999,0.6512159,0.65148073,0.65145254,0.65196145,0.65183616
4.151255615667444,0.6518847723513985,0.44573898072116047,0.5061596397616437,0.65112734,0.65131295,0.65125537,0.6515379,0.6514166
4.129103237188956,0.6514857705664521,0.44542758410103656,0.5063279017446122,0.6510216,0.65112126,0.65105295,0.65144163,0.651375
4.1182774586378095,0.6512732888765381,0.4460594469942332,0.5056809976049093,0.6509336,0.65109307,0.6510452,0.65112644,0.651229
4.126658455185269,0.651044988401846,0.44535524460716525,0.50591044831967,0.65091324,0.650974,0.6508902,0.65110624,0.65126806
4.1230834036057695,0.6510465762465473,0.44550241534260737,0.5055974310578931,0.65086246,0.6509866,0.65087444,0.6510471,0.65111995
4.116420660617846,0.6509424518271921,0.4457005161306132,0.5049283177524373,0.650898,0.6508583,0.6510039,0.65097636,0.6510607
4.117546870512663,0.6509884161073805,0.44541850278630923,0.5049903208218911,0.65082216,0.6509044,0.6508341,0.6509871,0.6510291
4.1163049517046435,0.6509753148912808,0.4448873639106751,0.505267982048113,0.6508927,0.6508543,0.6508158,0.65104353,0.65102315
4.115442990680823,0.6509440252170471,0.44495750235186676,0.5053787909844071,0.65079224,0.6507993,0.6509113,0.6510072,0.6509518
4.108601881570863,0.6508947818751496,0.44591313514156616,0.5047965652556811,0.6508836,0.65078336,0.65079546,0.650872,0.6509001
4.103088829367634,0.6508929920657246,0.4454462121074326,0.5050164806957982,0.65078497,0.6508403,0.6507736,0.6508857,0.65087736
4.129201869457816,0.654864896207616,0.44553735852241516,0.5051656092710541,0.65075463,0.65081006,0.65069044,0.6508525,0.6509874
4.13807395402936,0.6508351857535504,0.44475171738776614,0.5065390493558801,0.65074754,0.65074605,0.6507581,0.6508362,0.6509277
4.122641725240698,0.6507213953612507,0.4452508024691384,0.5064253519698618,0.6507093,0.6507123,0.6507529,0.6508051,0.6507674
4.097338976491477,0.6507765740588092,0.4439167994951857,0.5071109527982952,0.65077096,0.6507366,0.6507252,0.6507402,0.6508928
4.087098348428661,0.6507496459472581,0.44524233935823765,0.5062088755449811,0.65084803,0.65075725,0.650702,0.6508256,0.65080917
4.068284747450824,0.6507228467775428,0.4445588351735746,0.5062497130914586,0.6507216,0.6507059,0.65071887,0.6507257,0.6508119
4.058299808571304,0.6507402126915789,0.4457991999992426,0.5063150239883413,0.65067893,0.65070605,0.65077853,0.6508649,0.65078694
4.045428393428452,0.6507116096031264,0.4451897005672041,0.5061280859409323,0.6507683,0.65064937,0.65060055,0.65076494,0.65076774
4.034399241180236,0.6507437508463284,0.44566329550627926,0.5058855796061853,0.65070724,0.65075696,0.65069574,0.6506563,0.6507305
4.023270071647017,0.6507108711390104,0.4451581612445306,0.5065544062910449,0.65073574,0.65063566,0.65061504,0.6506986,0.6507865
4.019095528068174,0.6507377509333662,0.4452825073458722,0.5066817175219025,0.650712,0.65066946,0.6506896,0.65078557,0.65065694
4.00931316850266,0.6506484535581248,0.4448447169888999,0.5063914448166815,0.650715,0.6507313,0.6506606,0.65061706,0.6507051
4.005842113149338,0.6505998473236527,0.444895432608715,0.5065572850370177,0.65063757,0.6506514,0.65059054,0.6507527,0.6507679
4.000945351549968,0.6506677950637927,0.44555756747722625,0.5061188981152963,0.6506702,0.6506632,0.6507135,0.650677,0.65073663
4.005368960076484,0.662460419981952,0.4443886984373636,0.5067986390296964,0.6506347,0.65059555,0.65058464,0.6506439,0.6506775
4.053598959779969,0.6519187387061003,0.4457944314404962,0.5058456379146392,0.6507069,0.6506585,0.65061224,0.65066594,0.650628
4.055240528595045,0.6507332248964172,0.44524904709795243,0.5064604371210227,0.65061665,0.6506854,0.65061885,0.65060437,0.6507121
4.058516667430528,0.6508236451425412,0.44528036303278334,0.5062055498793505,0.6506482,0.6506691,0.65059066,0.6506056,0.6506828
4.058400967846746,0.6507399954081734,0.44584599202093866,0.5061170471175281,0.65066534,0.6505897,0.65061885,0.65062195,0.6506222
4.056388157807687,0.6507589859663001,0.4447957932805094,0.5066553378162751,0.65061027,0.65064853,0.65060025,0.65064377,0.6507052
4.056664789932362,0.6507829881520663,0.4451022274684216,0.5063378009531233,0.65063685,0.65060306,0.6506519,0.6506166,0.65068406
4.051506733548814,0.6506748929691775,0.4450560397571987,0.5067176358567345,0.65067047,0.65063363,0.6505352,0.65058553,0.65062505
4.049932829538982,0.6506948409449076,0.4445458482572998,0.506423125549215,0.6506915,0.6505024,0.65057707,0.6506248,0.65060115
4.049584823069365,0.6507805602562025,0.44449440633905113,0.5067883115315782,0.65065616,0.6506488,0.6505843,0.6506324,0.6505663
4.044663332971399,0.6506969563627012,0.44386943303732485,0.5072587211062942,0.6506006,0.65053254,0.65055823,0.6505774,0.65064126
4.0441591646360315,0.6507806848788606,0.445398302441058,0.5061894642702047,0.65063626,0.65063757,0.650541,0.65060604,0.65054053
4.04575936080177,0.6506811982191704,0.4457925680898813,0.5061004723327748,0.6506118,0.6505797,0.6505811,0.6505631,0.6506059
4.035819029577689,0.6506682949941517,0.44478142035468193,0.5067383370681661,0.65058565,0.6505413,0.6505519,0.6505749,0.65060174
4.029272016465376,0.6506632402323295,0.4444477456347378,0.5065401022272985,0.6505924,0.6505844,0.65055496,0.65063643,0.6505621
4.030502896953896,0.6509232512418774,0.44507019581714113,0.506493935579263,0.6506479,0.6506516,0.65055525,0.6504874,0.65055484
4.026002038273835,0.6505264431958038,0.4447591675364453,0.5066813351019569,0.65061617,0.650574,0.6505389,0.6505215,0.65059674
4.02291895583056,0.6506026486267791,0.44548566375953563,0.5060144919704125,0.6505354,0.6505174,0.6505202,0.65059036,0.650581
4.018109915682659,0.650621395410547,0.4444016122443665,0.5068596874170257,0.6506254,0.650564,0.6505875,0.6505284,0.6505271
4.019908831891231,0.6506142795373852,0.44510209967836667,0.5064944694583543,0.6505726,0.6505793,0.65049344,0.6505842,0.6505232
4.015741643813498,0.6506576950423384,0.44553381561657085,0.5061741074070263,0.6528383,0.6505373,0.6505398,0.65056974,0.6504879
4.022118445179888,0.6506236969560816,0.44599225361278094,0.5057948212692703,0.65057844,0.6505682,0.65053856,0.6505154,0.6505924
4.016547127852694,0.6506224471589793,0.4448342908983644,0.5065134213454482,0.6504972,0.6505447,0.65049773,0.65056634,0.65056354
4.014413957089042,0.6506177857878127,0.4451020670829764,0.5063781117615492,0.65060484,0.65057164,0.6505277,0.65047586,0.65049046
4.014114248464648,0.6506499945253565,0.4454809178188802,0.5061494020304242,0.6505956,0.6505315,0.6505563,0.65057236,0.65056604
4.012839778840254,0.6505612186763597,0.4448667107572878,0.5067022248886633,0.6506572,0.6505121,0.6504701,0.65047646,0.6505814
4.009073172560061,0.6506163063832526,0.4450868387441129,0.506161048202123,0.65053415,0.6505587,0.6505155,0.65057224,0.65047824
4.002795768360009,0.6505747893006331,0.44503478422257065,0.5063340831493987,0.6505333,0.6505014,0.6504709,0.6504886,0.650519
4.004351129048112,0.6506121265715447,0.44479788135791176,0.506598007419835,0.6505366,0.6505003,0.65053064,0.6505965,0.6505205
4.00021539033899,0.6505755872542155,0.4457342154161941,0.5060475661126888,0.65058404,0.65055203,0.65047807,0.65049607,0.6505156
3.993706827117625,0.6505522889215589,0.4446368426660409,0.506548428737023,0.65057623,0.6504595,0.6505062,0.6505266,0.65049565
3.990914562013414,0.650585058461065,0.44555670830650607,0.5060810339623603,0.65049285,0.65051514,0.65050423,0.65043914,0.6504695
3.992175414942313,0.6505181664430002,0.4446765933203813,0.5067642351567457,0.65049607,0.6505258,0.6504793,0.6504963,0.65050584
3.9978759908445793,0.6505401897545598,0.4463321741076483,0.5055383916638324,0.65061074,0.6505164,0.65048397,0.6505485,0.65053636
3.989748651163589,0.6506261604995544,0.44536944711265936,0.5061280195407821,0.65055454,0.65052336,0.65052325,0.6504766,0.65047556
3.99085865550571,0.6505144453854953,0.44577524646180844,0.5057921137786717,0.6504941,0.6504953,0.65047616,0.65053606,0.6504426
3.989505870100381,0.6505600234160677,0.4448407377885736,0.5066547354494316,0.6505358,0.6505168,0.65050185,0.6505411,0.6504667
3.9841593881736057,0.6506039770904947,0.44444123568454225,0.5066254423004418,0.650537,0.6505326,0.6504745,0.6503885,0.6505395
3.9835250202584382,0.6505273294909565,0.4456811774468075,0.5058261253695556,0.6504989,0.6504834,0.65046203,0.6505184,0.65049523
3.98498425103616,0.6505451096428765,0.4456185202811651,0.5061834910497574,0.6505442,0.6505133,0.6504754,0.65042394,0.65045255
3.9839350655458983,0.6505081296542993,0.4451123128190708,0.5065340623907421,0.6505143,0.6504837,0.65048647,0.6505198,0.65047437
3.98178185944396,0.6505143191503441,0.44530940433055305,0.5062281083225629,0.650519,0.65051115,0.650485,0.6505015,0.65044147
3.980384348095327,0.6505643567025373,0.4447542714899865,0.5066699675027875,0.65049297,0.65048176,0.65047616,0.65044296,0.6504915
3.9769425898934334,0.650505907178501,0.44468194797707067,0.5065123889181348,0.650531,0.6504712,0.65043133,0.6504678,0.65047055
3.9810182470054443,0.6505366368570189,0.4457505022558037,0.5061635615457083,0.6504916,0.6504402,0.6504872,0.65052986,0.6504567
3.972995923106797,0.6504803821660471,0.44412285050620204,0.5069367838366596,0.6505556,0.6505086,0.6504665,0.6503943,0.65041035
3.9748749639676966,0.6504989023369866,0.44560255159214496,0.506132460648311,0.6505135,0.6505074,0.6504468,0.6505065,0.65044665
3.969068613835579,0.6504892018106248,0.44506503035480843,0.5063265921844953,0.65047944,0.65044266,0.65045565,0.65041274,0.65048003
3.9692974803528345,0.6505368950862239,0.4450015727880497,0.5063037215223635,0.6505419,0.6504689,0.6504779,0.6504547,0.65043724
3.9709161510790025,0.6504884338033373,0.44519469727928507,0.5062852186137351,0.65045166,0.65047413,0.65045923,0.6504552,0.65042293
3.9758252678286055,0.6504728531491928,0.4459161174902017,0.5056798219392841,0.6504828,0.6505024,0.6504532,0.6505062,0.65044767
3.969772429857853,0.650525458711357,0.4446794883928437,0.5065424892205547,0.65056324,0.65043455,0.65046006,0.65043044,0.6504663
3.9735139175313683,0.650471894291864,0.44505150554260775,0.5061596751069101,0.6505055,0.6505053,0.6504517,0.6504922,0.65045786
3.973261225626665,0.6504995408841379,0.44474609917488656,0.5064113464188461,0.65046036,0.6504238,0.65044576,0.6504206,0.6504261
3.973729677822279,0.6504752750557977,0.44503072326022075,0.5063476431916878,0.6504988,0.6504505,0.65043116,0.6504803,0.6504214
3.9708536485543,0.6504450902270809,0.44411611243146626,0.5068708076137276,0.6504966,0.650432,0.65044975,0.6503909,0.6504551
3.9707066360879066,0.6505073193190755,0.44591373133198653,0.5059822066970494,0.6504739,0.6504779,0.65043384,0.65042454,0.65042305
3.996192486274645,0.6505154568216075,0.44516697161727486,0.5067180696316963,0.65044457,0.65043235,0.6504576,0.6504612,0.65042835
4.045000899010811,0.6530902476702336,0.4455865282655338,0.5059383671928719,0.65049857,0.65048367,0.6504304,0.6504504,0.6504299
4.0541329602688405,0.6504058287915401,0.4450946773019965,0.5063189966955046,0.650449,0.65037954,0.65044534,0.6504489,0.65041775
4.055319618026992,0.6504306928547107,0.44579097049823707,0.506012064160932,0.65052974,0.6505174,0.65039927,0.6503611,0.6504148
4.0576161581537,0.6504848972034913,0.4462940520134525,0.5057642479449653,0.6504695,0.65046906,0.65045965,0.65053034,0.65043443
4.049975372397381,0.6504608723276479,0.4453684046504578,0.5063022021654148,0.65045226,0.65044737,0.65041804,0.6503716,0.65040904
4.051390504376324,0.6504588857941006,0.4458967783456839,0.5057936400750985,0.65044785,0.6504504,0.65044165,0.6504145,0.65042233
4.0536115611808885,0.6504750421657655,0.44560564291362026,0.5062092909634403,0.6504959,0.65041035,0.65041393,0.6505143,0.6504207
4.048853501835883,0.6504573439630332,0.4451084028983462,0.5063985356962047,0.65045667,0.6504242,0.65042305,0.6503572,0.6504024
4.043602127268695,0.6504150195398193,0.4452927828123029,0.5058933647934365,0.65046406,0.65043056,0.65041006,0.65041924,0.65039617
4.04230402091851,0.6504978111400697,0.4452165771365741,0.5064299744828312,0.65043926,0.6504921,0.65043694,0.6504339,0.6504158
4.037144574796519,0.6504224032595538,0.44516219947361135,0.5061096520095631,0.6505052,0.65037495,0.6504095,0.65035796,0.6503869
4.038137559383963,0.6504376185688995,0.44505786027597355,0.5063436186112068,0.6504156,0.6504837,0.6504274,0.6504766,0.65038556
4.0409075182993055,0.6504416461728045,0.4456317833656274,0.5062279377582568,0.6504165,0.65042794,0.65041906,0.65042573,0.6504258
4.030139808493536,0.6504577599861772,0.44484535955288557,0.5064728671081976,0.6504922,0.6504406,0.65040404,0.65035915,0.650373
4.035498111029178,0.6504347816181644,0.4449342763942221,0.5065796427680674,0.6504882,0.65043044,0.65043974,0.65047854,0.6503985
4.035009227743471,0.6504343085818819,0.44551614583402444,0.5061066407800295,0.6508919,0.65042925,0.65041393,0.65039116,0.65040463
4.033184640764614,0.6504686341193563,0.445554336991863,0.5063146193966198,0.6503899,0.6504044,0.65043277,0.65045404,0.6504094
4.030899881510343,0.6504300328844411,0.44581066463592545,0.5057598906870626,0.65044755,0.65041524,0.6504033,0.6503636,0.6504266
4.029250187459199,0.6504128917979732,0.4448225092052837,0.5068950641414393,0.65041965,0.6504413,0.65037245,0.65040755,0.65035456
4.027908371266536,0.6504522597156285,0.4458083423583404,0.5063646400752274,0.65041524,0.65043455,0.6504217,0.65043837,0.6504039
4.023205434988086,0.6504291829855544,0.44549541035712054,0.5060664846125432,0.650437,0.6504304,0.6504357,0.6503398,0.65037733
4.018517552481757,0.6504178342611893,0.4449087992814428,0.5064467408662833,0.65047127,0.6503979,0.65040004,0.6504011,0.6503873
4.016516104527717,0.6504258086715919,0.44462667032716346,0.5066015483964468,0.6504111,0.6503899,0.65041,0.65046275,0.6503605
4.0144859876033765,0.6504173985425977,0.44495409981928014,0.5063207635988936,0.65043014,0.6504503,0.65038884,0.6503738,0.65042055
4.0153358670248505,0.650445982914616,0.4451849682607514,0.5062808477936159,0.6504549,0.65043575,0.65042585,0.65040314,0.65036845
4.013800052513822,0.650405702729156,0.44522911796823217,0.5063281935194264,0.65041125,0.6504013,0.65038663,0.65038,0.65038514
4.011505446341878,0.6504379893846557,0.44594999541694985,0.5056773673077136,0.650432,0.6504103,0.6504098,0.6504016,0.6504005
4.012771116938568,0.650393071209175,0.4453668217728103,0.5062866610893305,0.65044665,0.6504168,0.65040463,0.6504123,0.6503492
4.006944577935813,0.6504336793641536,0.44496008874713505,0.5064892048709059,0.65044826,0.65040874,0.6504102,0.650372,0.65042
4.008448022575194,0.6504057896310005,0.44500112212510495,0.5063530820147427,0.6504298,0.65041393,0.6503948,0.6504122,0.6503916
4.003438711051204,0.650410158565079,0.4444045800517723,0.5066267676399525,0.6504159,0.6504134,0.6503924,0.650444,0.6503454
4.002561769854043,0.6504083539552734,0.44453308444092243,0.5064665348345531,0.6504203,0.650418,0.6503818,0.65044457,0.65037143
3.998996305120164,0.650395067014556,0.4444816380595239,0.5063475724579631,0.65043163,0.65040374,0.6503946,0.6503054,0.6503625
4.00756173375724,0.650416127783089,0.44573598704188344,0.5061770729540627,0.6504228,0.6504105,0.6503986,0.6504055,0.65038264
4.004383102707241,0.6503950975367412,0.4459027345629706,0.5062165833901667,0.65042055,0.6504006,0.6503975,0.6503588,0.6503635
4.003548263466877,0.6503824869215775,0.445551235217979,0.5061694461222432,0.6504153,0.650392,0.650385,0.650381,0.6503289
3.9988609479821244,0.6504241265536507,0.4446589570402523,0.506772783499409,0.6504266,0.6503955,0.6503602,0.6504176,0.65040475
3.999860342113292,0.6504030041072679,0.44561664310918336,0.5061687794428517,0.6504228,0.650421,0.65038794,0.65047807,0.6503495
3.9975497939160483,0.6503807641457819,0.44513450767394996,0.5064100063797357,0.65039146,0.65038794,0.6503787,0.6502992,0.6503573
3.996634661517858,0.6503956922010522,0.4451294798062043,0.5062195113459647,0.65045816,0.65040016,0.6504014,0.65034056,0.6503775
3.9987237151694184,0.6503795702100376,0.44557809403553095,0.5059046328067779,0.65041906,0.65038925,0.6504008,0.650484,0.65037423
3.997253865781038,0.6504123895640535,0.44506169082461927,0.5063078120998714,0.65040296,0.6504074,0.65038127,0.6503104,0.650328
3.9957420080756223,0.650371974217143,0.44471133855229983,0.5066216053882082,0.65043896,0.6503916,0.6503384,0.6503767,0.6503755
3.997914943718104,0.6503815581257217,0.4456696854697333,0.5059656613978787,0.6503844,0.65038663,0.6504142,0.6503986,0.6503688
3.991768351499585,0.6503981228036005,0.4441713069804049,0.5068171876496164,0.650422,0.65037745,0.6503593,0.6503712,0.6503458
3.9951273258181588,0.650372596696955,0.44492635460579455,0.5066048038610513,0.65039504,0.6504361,0.6503961,0.6503526,0.6503552
3.991039175457425,0.6503864797417093,0.44376764140555247,0.5071932054804144,0.6503963,0.6503643,0.6503658,0.6503844,0.6503663
3.9920929846556295,0.6503610753206815,0.4448010030863941,0.5066033395880087,0.65042263,0.650384,0.65037656,0.65036875,0.65033126
3.990341062591847,0.6504042879394862,0.444532248939293,0.5066640728049808,0.650433,0.65042055,0.6503867,0.6504745,0.6503767
3.991488351683686,0.6503838896175514,0.44546897401268354,0.5063687212657237,0.6503685,0.650367,0.6503849,0.6502617,0.6503552
3.993444937323603,0.6503720742492859,0.4455027081396269,0.5063610055452383,0.65040725,0.65038633,0.6503647,0.6503928,0.6503305
3.985927845775217,0.6503834142777078,0.44504163576209027,0.5063705656551508,0.6503952,0.6503691,0.6503688,0.6503596,0.6503598
3.9888756420301354,0.6503640103455327,0.44508301104612386,0.5062539359077739,0.6504281,0.6503816,0.6503821,0.65042055,0.650358
3.9873735369115635,0.650389709967922,0.4455152546150098,0.5059362847735915,0.6503874,0.6504086,0.6503458,0.65037155,0.6503392
3.9843437128020947,0.6503839157053812,0.44496721710271886,0.5064442039831826,0.65037346,0.6503791,0.6503834,0.6503184,0.65035444
3.9824097386880775,0.6503565111022066,0.4445466642794402,0.5063826170808452,0.6504176,0.65035534,0.6503489,0.65038234,0.6503554
3.987951318077419,0.650375309255388,0.4452753492599525,0.5064207668753637,0.65042526,0.65039533,0.6504013,0.6503862,0.65033
3.9883912298414446,0.6503491666006003,0.44569502376415876,0.5062532724245735,0.6503532,0.6503607,0.6503507,0.6503906,0.65034324
3.9825592735539312,0.6503763606582864,0.4452381869301129,0.5062814651624017,0.65039283,0.650375,0.6503442,0.65035945,0.6503401
3.9846116103987765,0.6503606398900349,0.4454863072881376,0.5060893927507354,0.6503868,0.6503866,0.6503905,0.6503683,0.6503542
3.9823034401677075,0.6503549682345366,0.4455999587037137,0.5060163716907087,0.65038973,0.65038335,0.6503645,0.6503292,0.65034306
3.985524109481038,0.6503716010978255,0.4455601374884158,0.50623661774944,0.650403,0.65037477,0.65034837,0.65035367,0.6503386
3.9850862734559653,0.6503642682867925,0.44521205097004984,0.5061916969248639,0.6503747,0.650344,0.6503781,0.65035987,0.65034556
3.9850914131616046,0.6503707237289724,0.4456131286523192,0.5061126551622355,0.6504089,0.6504045,0.65035695,0.65036875,0.65032685
3.981832427333519,0.6503754964197315,0.44505390267153294,0.5065884812010659,0.6503803,0.650365,0.6503533,0.6503616,0.6503566
3.98374085460884,0.6503459423636468,0.44546396244263314,0.5061989939875073,0.65037966,0.650365,0.6503793,0.6503592,0.6503311
3.9755538280459413,0.6503656073468896,0.44415788090459385,0.5069453057315615,0.6503898,0.6503806,0.6503445,0.6503734,0.65033776
3.979384583897061,0.6503732830429999,0.44505441335664275,0.5063178275230427,0.6503915,0.65036225,0.6503574,0.6503523,0.6503243
3.9790165258490524,0.6503512491350588,0.44515118955989963,0.506229869754994,0.65036696,0.65038,0.6503576,0.6503545,0.65032685
3.9796643318185487,0.6503582905456063,0.44526391670035853,0.506195700298185,0.6504176,0.6503567,0.65037763,0.6503362,0.650351
3.9807653852131057,0.6503467183182204,0.4456055570339811,0.5058866316281655,0.6503642,0.6503688,0.6503363,0.6503574,0.6503212
3.9769337550453523,0.6503713356699921,0.44499635502768026,0.5061348142759236,0.6503807,0.6503736,0.6503582,0.6503415,0.65034497
3.9825485472517888,0.6503364579689099,0.4461637160340369,0.505401652187541,0.6503501,0.65037173,0.65035725,0.6503464,0.6503275
3.9792784057377615,0.6503508266043548,0.44557886430318805,0.5060871664308695,0.6503775,0.65035045,0.650357,0.6503549,0.6503293
3.979066411193443,0.6503571360583467,0.44535909845057314,0.5059543421303017,0.65040016,0.6503737,0.650353,0.65034914,0.65033853
3.976218947465869,0.6503438502694097,0.4444632962993954,0.5068510677215557,0.65037525,0.6503541,0.6503433,0.65034723,0.6503402
3.9784788889585485,0.6503358950361539,0.4452074994931475,0.506341049823784,0.6503698,0.65037453,0.65034807,0.650333,0.6503119
3.9764202825113197,0.6503625912366858,0.4448599779231536,0.5065374383171976,0.6503754,0.65034395,0.6503877,0.6503828,0.6503219
3.9775229549638316,0.6503474449189965,0.4449870050673323,0.506375868352139,0.6503636,0.6503663,0.6503202,0.6503314,0.6503455
3.9778042066500388,0.6503754925612666,0.44513199130694076,0.5062772430659493,0.6503869,0.6503816,0.6503476,0.65032494,0.65031207
3.980511988533868,0.6503457567542072,0.4448017307093754,0.5069734886216657,0.65039474,0.6503361,0.6503505,0.65034956,0.6503424
3.9763743845161037,0.6503338461336882,0.44492453911166263,0.5063318728392827,0.65040255,0.650359,0.6503411,0.6503582,0.6503178
3.974731799830561,0.6503376148173199,0.4447391223360376,0.5063301435271322,0.650363,0.65036196,0.6503351,0.6503544,0.6503103
3.976806707082739,0.6503584850237565,0.44517550809659817,0.5066821015543408,0.65035284,0.65036863,0.6503457,0.6503415,0.6503174
3.9790281408650863,0.6503430166682184,0.4453012403658622,0.5061138041929346,0.6503635,0.6503691,0.6503493,0.6503356,0.6503168
3.978088620664993,0.6503431498140528,0.44527123076616276,0.5064313768908598,0.650371,0.6503234,0.65033686,0.6503465,0.650353
3.9785383088577198,0.6503419689510179,0.44553679977926086,0.5060275586762866,0.6503598,0.650359,0.6503308,0.6503184,0.65031266
3.979413548068723,0.6503435653188954,0.44527596166168437,0.5059319397101656,0.6503635,0.6503607,0.6503511,0.65035206,0.6503256
3.977332830659433,0.6503295547144425,0.4449571828623325,0.5065129791768852,0.6503539,0.6503566,0.6503275,0.65037316,0.65031934
3.9796969782327114,0.6503386581577542,0.44570343737728924,0.5059613721814133,0.65036106,0.6503303,0.650339,0.65031195,0.6503084
3.981798607600484,0.650346985646492,0.4459076487499735,0.5060299903298345,0.6503762,0.65031934,0.6503433,0.65040153,0.6503343
4.0203418733993015,0.6515103955199754,0.4452377771553786,0.506069421120312,0.6503432,0.65035844,0.65032244,0.65027595,0.65030426
4.0288166617425745,0.6504392243813777,0.4453421634464448,0.5062617147602321,0.6503931,0.65037745,0.65036005,0.6503226,0.6503293
4.029922423155411,0.6504639145256816,0.44482223326745246,0.5064306010802587,0.6505454,0.6503442,0.6503328,0.650336,0.650308
4.040252432270326,0.6504181707538844,0.44556502544361604,0.5062821082446887,0.650316,0.6503336,0.65036386,0.6503402,0.65031517
4.03674806005137,0.6504397232175448,0.44489975076366733,0.5064364576685257,0.650328,0.650372,0.65028906,0.6503175,0.6502998
4.041442878119612,0.6504095337817059,0.4451591838529145,0.5064760042129507,0.65037197,0.65036076,0.65034664,0.65041596,0.65031826
4.037156549513629,0.6503912603797544,0.4449869412154967,0.5066721436770065,0.6503676,0.6503264,0.65032387,0.6502733,0.6503293
4.035739635039067,0.650380978376969,0.4449966480190628,0.5064064335419936,0.6503628,0.6503373,0.6503411,0.650342,0.6503085
4.03537775065012,0.6503984977657667,0.44476898384554947,0.5064350416694863,0.65033376,0.65035427,0.65033185,0.6503168,0.65031093
4.035271992314841,0.6504031350071304,0.4446839786238141,0.50677269494188,0.65038806,0.6503514,0.650315,0.6503371,0.6503088
4.035869573855745,0.650390142634295,0.44551027366792517,0.5060283229114929,0.6503504,0.6503199,0.65035135,0.6503274,0.65031934
4.036551562484336,0.6504069107166234,0.4456038431988822,0.5059734020400163,0.65036654,0.6503588,0.6503295,0.65038943,0.65031147
4.03779850098246,0.6504081028095192,0.4453282924809893,0.506340529391731,0.6503337,0.6503452,0.65031284,0.65028167,0.6503038
4.033349847908758,0.6503546536832616,0.44519248102310205,0.5062483385421228,0.6503489,0.6503211,0.6503576,0.65038544,0.6503135
4.031866901968988,0.650371955961421,0.4452381667739528,0.5060728276841306,0.6503705,0.6503361,0.6503177,0.6502833,0.6503065
4.0333479844429645,0.650351381129113,0.44508463926793296,0.5063482917089394,0.6503561,0.6503445,0.6503336,0.6503088,0.65030587
4.03161383792398,0.6503581291235588,0.4455914114408447,0.5062743455027612,0.6503256,0.6503476,0.6503213,0.6503102,0.6503094
4.029003816180759,0.6503859434150844,0.44506565395760656,0.5063118575275808,0.650368,0.65034205,0.650337,0.6503717,0.65028983
4.032444974996042,0.6503616397507523,0.44569568462705844,0.5061510929594869,0.65036625,0.65033996,0.6502982,0.65034693,0.65030336
4.029949841983076,0.6503554189262759,0.4452583760023117,0.5063634285460348,0.65034074,0.65031904,0.6503387,0.6503016,0.65031546
4.0266109483829435,0.6503694965067692,0.44504154808279395,0.5064173828576498,0.6503675,0.65033495,0.6503152,0.65034735,0.6503216
4.025155691363385,0.6503570719617576,0.4445699524620304,0.50651265795968,0.65036166,0.65033805,0.6503312,0.65028244,0.6503174
